{"app":["/app-8d8fb760761d1a605258.js"],"component---src-pages-amenities-js":["/component---src-pages-amenities-js-444e16d9e9a9ad37ea17.js"],"component---src-pages-configuration-js":["/component---src-pages-configuration-js-8a7a3db5078fc80c3c0d.js"],"component---src-pages-download-js":["/component---src-pages-download-js-16926ef99c477d2fe6a4.js"],"component---src-pages-gallery-js":["/component---src-pages-gallery-js-2ec1647da4328107ed97.js"],"component---src-pages-index-js":["/component---src-pages-index-js-4e34b12d5250f668d756.js"],"component---src-pages-location-js":["/component---src-pages-location-js-15d578876edc83aed042.js"],"component---src-pages-masterplan-js":["/component---src-pages-masterplan-js-d98c76274fb1735b6367.js"],"component---src-pages-overview-js":["/component---src-pages-overview-js-6a4f25362ca72578c10d.js"],"component---src-pages-pricing-js":["/component---src-pages-pricing-js-46f76ec9fb9b6828bf21.js"]}