{"app":["/app-2b9837f42808a2de412a.js"],"component---src-pages-404-js":["/component---src-pages-404-js-00766f33b86dc9d21860.js"],"component---src-pages-about-js":["/component---src-pages-about-js-93c19716134975b1b356.js"],"component---src-pages-botanique-js":["/component---src-pages-botanique-js-a8545e57e748d9aa331e.js"],"component---src-pages-contact-js":["/component---src-pages-contact-js-84041a7a9987133561b5.js"],"component---src-pages-dolce-vita-js":["/component---src-pages-dolce-vita-js-0bf0a7aa5efc4588960d.js"],"component---src-pages-download-botanique-js":["/component---src-pages-download-botanique-js-03a347afc90babac3e11.js"],"component---src-pages-download-dolce-vita-js":["/component---src-pages-download-dolce-vita-js-3472a3e7c2b5f8f023f7.js"],"component---src-pages-download-elysian-js":["/component---src-pages-download-elysian-js-7ee492e25e59d785fb13.js"],"component---src-pages-download-finsbury-park-js":["/component---src-pages-download-finsbury-park-js-d47b8a4fd3c6feea663c.js"],"component---src-pages-download-fontaine-bleau-js":["/component---src-pages-download-fontaine-bleau-js-3a6077d32b6ab69189d2.js"],"component---src-pages-download-jindal-city-js":["/component---src-pages-download-jindal-city-js-b054c6819aecd3182a4d.js"],"component---src-pages-download-kew-gardens-js":["/component---src-pages-download-kew-gardens-js-80ebee74303691d646b2.js"],"component---src-pages-download-lake-ridge-js":["/component---src-pages-download-lake-ridge-js-66fe652cc8d4a721d6ae.js"],"component---src-pages-download-park-square-js":["/component---src-pages-download-park-square-js-faa514a1f5a88b2a062d.js"],"component---src-pages-download-song-of-south-js":["/component---src-pages-download-song-of-south-js-b8e74ed32a8cb08b7323.js"],"component---src-pages-download-waterford-js":["/component---src-pages-download-waterford-js-2250a84c3c6f96ce3780.js"],"component---src-pages-download-willow-tree-js":["/component---src-pages-download-willow-tree-js-3002802b73648d6cf186.js"],"component---src-pages-download-js":["/component---src-pages-download-js-7cc0a8bdec2593a54740.js"],"component---src-pages-elysian-js":["/component---src-pages-elysian-js-f913b2f18537006669aa.js"],"component---src-pages-finsbury-park-js":["/component---src-pages-finsbury-park-js-00623e69c351e879c4fc.js"],"component---src-pages-fontaine-bleau-js":["/component---src-pages-fontaine-bleau-js-0ab8c7c36cb112fee760.js"],"component---src-pages-index-js":["/component---src-pages-index-js-04d6c623ed4a9f5fbecc.js"],"component---src-pages-jindal-city-js":["/component---src-pages-jindal-city-js-e8f86630ab4fc83a3abb.js"],"component---src-pages-kew-gardens-js":["/component---src-pages-kew-gardens-js-a755955f4b5fa9bc7ee6.js"],"component---src-pages-lake-ridge-js":["/component---src-pages-lake-ridge-js-6adb34b3fcf7e6905c59.js"],"component---src-pages-park-square-js":["/component---src-pages-park-square-js-112a2ae7138dbaa50ce1.js"],"component---src-pages-song-of-south-js":["/component---src-pages-song-of-south-js-5b5d971956f5e8e2b9b8.js"],"component---src-pages-waterford-js":["/component---src-pages-waterford-js-60f2fa1cfe7b8cde4fb0.js"],"component---src-pages-willow-tree-js":["/component---src-pages-willow-tree-js-6d35956ed3158c805d78.js"]}