{"app":["/app-2eda45250f76813a83f4.js"],"component---src-pages-about-js":["/component---src-pages-about-js-a438ca3a19ae2a288081.js"],"component---src-pages-botanique-js":["/component---src-pages-botanique-js-8cd5f3580de1613798ec.js"],"component---src-pages-contact-js":["/component---src-pages-contact-js-1fe3fa3e8d190cda0b91.js"],"component---src-pages-dolce-vita-js":["/component---src-pages-dolce-vita-js-9b627c13cf5ad88556af.js"],"component---src-pages-download-js":[],"component---src-pages-elysian-js":["/component---src-pages-elysian-js-956a82622d59353458b7.js"],"component---src-pages-finsbury-park-js":["/component---src-pages-finsbury-park-js-d1e551013eedece5c58a.js"],"component---src-pages-fontaine-bleau-js":["/component---src-pages-fontaine-bleau-js-be254b309e5f6ccb6af7.js"],"component---src-pages-index-js":["/component---src-pages-index-js-3a06a5fa55e27c3138cd.js"],"component---src-pages-jindal-city-js":["/component---src-pages-jindal-city-js-6d8bdf2fd49652c977e9.js"],"component---src-pages-kew-gardens-js":["/component---src-pages-kew-gardens-js-fd6ec871ae464fe4b737.js"],"component---src-pages-lake-ridge-js":["/component---src-pages-lake-ridge-js-2bfd83ae859a582f3bd9.js"],"component---src-pages-park-square-js":["/component---src-pages-park-square-js-e12d4c8c7ac111ff8f42.js"],"component---src-pages-song-of-south-js":["/component---src-pages-song-of-south-js-3157789570d34603dada.js"],"component---src-pages-waterford-js":["/component---src-pages-waterford-js-877686b585526c9c6249.js"],"component---src-pages-willow-tree-js":["/component---src-pages-willow-tree-js-62353c7a225e53cea6cb.js"]}