{"app":["/app-49346b62aac14e3cf5ef.js"],"component---src-pages-amenities-js":["/component---src-pages-amenities-js-948ba2060d978f26b204.js"],"component---src-pages-configuration-js":["/component---src-pages-configuration-js-c0306ea5dbbad3dc4761.js"],"component---src-pages-download-js":["/component---src-pages-download-js-dba4250e7d22ea3a9cc5.js"],"component---src-pages-gallery-js":["/component---src-pages-gallery-js-83f586852d769d14077b.js"],"component---src-pages-index-js":["/component---src-pages-index-js-ebd87ac5ca4961a5b4e9.js"],"component---src-pages-location-js":["/component---src-pages-location-js-c3b56862398935cdc77d.js"],"component---src-pages-masterplan-js":["/component---src-pages-masterplan-js-9327a0b6725021b15606.js"],"component---src-pages-overview-js":["/component---src-pages-overview-js-48e107ee48259466395c.js"],"component---src-pages-pricing-js":["/component---src-pages-pricing-js-064ab78b95cf5b4b88b3.js"]}