{"app":["/app-49346b62aac14e3cf5ef.js"],"component---src-pages-amenities-js":["/component---src-pages-amenities-js-678acd524d61c4995467.js"],"component---src-pages-configuration-js":["/component---src-pages-configuration-js-6f86d58416b37e38cb98.js"],"component---src-pages-download-js":["/component---src-pages-download-js-d53c065bdc169ab9fc80.js"],"component---src-pages-gallery-js":["/component---src-pages-gallery-js-9c8d0d106456b68a11b9.js"],"component---src-pages-index-js":["/component---src-pages-index-js-4c80425419febac6bc85.js"],"component---src-pages-location-js":["/component---src-pages-location-js-47bd6765e91c5d4c3216.js"],"component---src-pages-masterplan-js":["/component---src-pages-masterplan-js-4e34a626526a36f088b0.js"],"component---src-pages-overview-js":["/component---src-pages-overview-js-7e122c850a24f249fccd.js"],"component---src-pages-pricing-js":["/component---src-pages-pricing-js-d82046d4fb1075d16dd5.js"]}