{"errors":[],"warnings":[],"namedChunkGroups":{"app":{"chunks":[12,0,2],"assets":["webpack-runtime-d82a6aca9dec0f983702.js","webpack-runtime-d82a6aca9dec0f983702.js.map","commons-d60be936a37b034f5b86.js","commons-d60be936a37b034f5b86.js.map","app-49346b62aac14e3cf5ef.js","app-49346b62aac14e3cf5ef.js.map"],"children":{},"childAssets":{}},"component---src-pages-amenities-js":{"chunks":[1,0,3],"assets":["styles.610852db72a30a97f246.css","styles-9c53d0637e63bb0cbdea.js","styles-9c53d0637e63bb0cbdea.js.map","commons-d60be936a37b034f5b86.js","commons-d60be936a37b034f5b86.js.map","component---src-pages-amenities-js-678acd524d61c4995467.js","component---src-pages-amenities-js-678acd524d61c4995467.js.map"],"children":{},"childAssets":{}},"component---src-pages-configuration-js":{"chunks":[1,0,4],"assets":["styles.610852db72a30a97f246.css","styles-9c53d0637e63bb0cbdea.js","styles-9c53d0637e63bb0cbdea.js.map","commons-d60be936a37b034f5b86.js","commons-d60be936a37b034f5b86.js.map","component---src-pages-configuration-js-6f86d58416b37e38cb98.js","component---src-pages-configuration-js-6f86d58416b37e38cb98.js.map"],"children":{},"childAssets":{}},"component---src-pages-download-js":{"chunks":[0,5],"assets":["commons-d60be936a37b034f5b86.js","commons-d60be936a37b034f5b86.js.map","component---src-pages-download-js-d53c065bdc169ab9fc80.js","component---src-pages-download-js-d53c065bdc169ab9fc80.js.map"],"children":{},"childAssets":{}},"component---src-pages-gallery-js":{"chunks":[1,0,6],"assets":["styles.610852db72a30a97f246.css","styles-9c53d0637e63bb0cbdea.js","styles-9c53d0637e63bb0cbdea.js.map","commons-d60be936a37b034f5b86.js","commons-d60be936a37b034f5b86.js.map","component---src-pages-gallery-js-9c8d0d106456b68a11b9.js","component---src-pages-gallery-js-9c8d0d106456b68a11b9.js.map"],"children":{},"childAssets":{}},"component---src-pages-index-js":{"chunks":[1,0,7],"assets":["styles.610852db72a30a97f246.css","styles-9c53d0637e63bb0cbdea.js","styles-9c53d0637e63bb0cbdea.js.map","commons-d60be936a37b034f5b86.js","commons-d60be936a37b034f5b86.js.map","component---src-pages-index-js-4c80425419febac6bc85.js","component---src-pages-index-js-4c80425419febac6bc85.js.map"],"children":{},"childAssets":{}},"component---src-pages-location-js":{"chunks":[1,0,8],"assets":["styles.610852db72a30a97f246.css","styles-9c53d0637e63bb0cbdea.js","styles-9c53d0637e63bb0cbdea.js.map","commons-d60be936a37b034f5b86.js","commons-d60be936a37b034f5b86.js.map","component---src-pages-location-js-47bd6765e91c5d4c3216.js","component---src-pages-location-js-47bd6765e91c5d4c3216.js.map"],"children":{},"childAssets":{}},"component---src-pages-masterplan-js":{"chunks":[1,0,9],"assets":["styles.610852db72a30a97f246.css","styles-9c53d0637e63bb0cbdea.js","styles-9c53d0637e63bb0cbdea.js.map","commons-d60be936a37b034f5b86.js","commons-d60be936a37b034f5b86.js.map","component---src-pages-masterplan-js-4e34a626526a36f088b0.js","component---src-pages-masterplan-js-4e34a626526a36f088b0.js.map"],"children":{},"childAssets":{}},"component---src-pages-overview-js":{"chunks":[1,0,10],"assets":["styles.610852db72a30a97f246.css","styles-9c53d0637e63bb0cbdea.js","styles-9c53d0637e63bb0cbdea.js.map","commons-d60be936a37b034f5b86.js","commons-d60be936a37b034f5b86.js.map","component---src-pages-overview-js-7e122c850a24f249fccd.js","component---src-pages-overview-js-7e122c850a24f249fccd.js.map"],"children":{},"childAssets":{}},"component---src-pages-pricing-js":{"chunks":[1,0,11],"assets":["styles.610852db72a30a97f246.css","styles-9c53d0637e63bb0cbdea.js","styles-9c53d0637e63bb0cbdea.js.map","commons-d60be936a37b034f5b86.js","commons-d60be936a37b034f5b86.js.map","component---src-pages-pricing-js-d82046d4fb1075d16dd5.js","component---src-pages-pricing-js-d82046d4fb1075d16dd5.js.map"],"children":{},"childAssets":{}}},"assetsByChunkName":{"app":["webpack-runtime-d82a6aca9dec0f983702.js","commons-d60be936a37b034f5b86.js","app-49346b62aac14e3cf5ef.js"],"component---src-pages-amenities-js":["styles.610852db72a30a97f246.css","styles-9c53d0637e63bb0cbdea.js","commons-d60be936a37b034f5b86.js","component---src-pages-amenities-js-678acd524d61c4995467.js"],"component---src-pages-configuration-js":["styles.610852db72a30a97f246.css","styles-9c53d0637e63bb0cbdea.js","commons-d60be936a37b034f5b86.js","component---src-pages-configuration-js-6f86d58416b37e38cb98.js"],"component---src-pages-download-js":["commons-d60be936a37b034f5b86.js","component---src-pages-download-js-d53c065bdc169ab9fc80.js"],"component---src-pages-gallery-js":["styles.610852db72a30a97f246.css","styles-9c53d0637e63bb0cbdea.js","commons-d60be936a37b034f5b86.js","component---src-pages-gallery-js-9c8d0d106456b68a11b9.js"],"component---src-pages-index-js":["styles.610852db72a30a97f246.css","styles-9c53d0637e63bb0cbdea.js","commons-d60be936a37b034f5b86.js","component---src-pages-index-js-4c80425419febac6bc85.js"],"component---src-pages-location-js":["styles.610852db72a30a97f246.css","styles-9c53d0637e63bb0cbdea.js","commons-d60be936a37b034f5b86.js","component---src-pages-location-js-47bd6765e91c5d4c3216.js"],"component---src-pages-masterplan-js":["styles.610852db72a30a97f246.css","styles-9c53d0637e63bb0cbdea.js","commons-d60be936a37b034f5b86.js","component---src-pages-masterplan-js-4e34a626526a36f088b0.js"],"component---src-pages-overview-js":["styles.610852db72a30a97f246.css","styles-9c53d0637e63bb0cbdea.js","commons-d60be936a37b034f5b86.js","component---src-pages-overview-js-7e122c850a24f249fccd.js"],"component---src-pages-pricing-js":["styles.610852db72a30a97f246.css","styles-9c53d0637e63bb0cbdea.js","commons-d60be936a37b034f5b86.js","component---src-pages-pricing-js-d82046d4fb1075d16dd5.js"]}}