{"errors":[],"warnings":[],"namedChunkGroups":{"app":{"chunks":[12,0,2],"assets":["webpack-runtime-2716c9e8dd0e20e7e56d.js","webpack-runtime-2716c9e8dd0e20e7e56d.js.map","commons-c58dfd3e97e49549cb90.js","commons-c58dfd3e97e49549cb90.js.map","app-8d8fb760761d1a605258.js","app-8d8fb760761d1a605258.js.map"],"children":{},"childAssets":{}},"component---src-pages-amenities-js":{"chunks":[1,0,3],"assets":["styles.435a9fc899b16702db61.css","styles-9c53d0637e63bb0cbdea.js","styles-9c53d0637e63bb0cbdea.js.map","commons-c58dfd3e97e49549cb90.js","commons-c58dfd3e97e49549cb90.js.map","component---src-pages-amenities-js-444e16d9e9a9ad37ea17.js","component---src-pages-amenities-js-444e16d9e9a9ad37ea17.js.map"],"children":{},"childAssets":{}},"component---src-pages-configuration-js":{"chunks":[1,0,4],"assets":["styles.435a9fc899b16702db61.css","styles-9c53d0637e63bb0cbdea.js","styles-9c53d0637e63bb0cbdea.js.map","commons-c58dfd3e97e49549cb90.js","commons-c58dfd3e97e49549cb90.js.map","component---src-pages-configuration-js-8a7a3db5078fc80c3c0d.js","component---src-pages-configuration-js-8a7a3db5078fc80c3c0d.js.map"],"children":{},"childAssets":{}},"component---src-pages-download-js":{"chunks":[0,5],"assets":["commons-c58dfd3e97e49549cb90.js","commons-c58dfd3e97e49549cb90.js.map","component---src-pages-download-js-16926ef99c477d2fe6a4.js","component---src-pages-download-js-16926ef99c477d2fe6a4.js.map"],"children":{},"childAssets":{}},"component---src-pages-gallery-js":{"chunks":[1,0,6],"assets":["styles.435a9fc899b16702db61.css","styles-9c53d0637e63bb0cbdea.js","styles-9c53d0637e63bb0cbdea.js.map","commons-c58dfd3e97e49549cb90.js","commons-c58dfd3e97e49549cb90.js.map","component---src-pages-gallery-js-2ec1647da4328107ed97.js","component---src-pages-gallery-js-2ec1647da4328107ed97.js.map"],"children":{},"childAssets":{}},"component---src-pages-index-js":{"chunks":[1,0,7],"assets":["styles.435a9fc899b16702db61.css","styles-9c53d0637e63bb0cbdea.js","styles-9c53d0637e63bb0cbdea.js.map","commons-c58dfd3e97e49549cb90.js","commons-c58dfd3e97e49549cb90.js.map","component---src-pages-index-js-4e34b12d5250f668d756.js","component---src-pages-index-js-4e34b12d5250f668d756.js.map"],"children":{},"childAssets":{}},"component---src-pages-location-js":{"chunks":[1,0,8],"assets":["styles.435a9fc899b16702db61.css","styles-9c53d0637e63bb0cbdea.js","styles-9c53d0637e63bb0cbdea.js.map","commons-c58dfd3e97e49549cb90.js","commons-c58dfd3e97e49549cb90.js.map","component---src-pages-location-js-15d578876edc83aed042.js","component---src-pages-location-js-15d578876edc83aed042.js.map"],"children":{},"childAssets":{}},"component---src-pages-masterplan-js":{"chunks":[1,0,9],"assets":["styles.435a9fc899b16702db61.css","styles-9c53d0637e63bb0cbdea.js","styles-9c53d0637e63bb0cbdea.js.map","commons-c58dfd3e97e49549cb90.js","commons-c58dfd3e97e49549cb90.js.map","component---src-pages-masterplan-js-d98c76274fb1735b6367.js","component---src-pages-masterplan-js-d98c76274fb1735b6367.js.map"],"children":{},"childAssets":{}},"component---src-pages-overview-js":{"chunks":[1,0,10],"assets":["styles.435a9fc899b16702db61.css","styles-9c53d0637e63bb0cbdea.js","styles-9c53d0637e63bb0cbdea.js.map","commons-c58dfd3e97e49549cb90.js","commons-c58dfd3e97e49549cb90.js.map","component---src-pages-overview-js-6a4f25362ca72578c10d.js","component---src-pages-overview-js-6a4f25362ca72578c10d.js.map"],"children":{},"childAssets":{}},"component---src-pages-pricing-js":{"chunks":[1,0,11],"assets":["styles.435a9fc899b16702db61.css","styles-9c53d0637e63bb0cbdea.js","styles-9c53d0637e63bb0cbdea.js.map","commons-c58dfd3e97e49549cb90.js","commons-c58dfd3e97e49549cb90.js.map","component---src-pages-pricing-js-46f76ec9fb9b6828bf21.js","component---src-pages-pricing-js-46f76ec9fb9b6828bf21.js.map"],"children":{},"childAssets":{}}},"assetsByChunkName":{"app":["webpack-runtime-2716c9e8dd0e20e7e56d.js","commons-c58dfd3e97e49549cb90.js","app-8d8fb760761d1a605258.js"],"component---src-pages-amenities-js":["styles.435a9fc899b16702db61.css","styles-9c53d0637e63bb0cbdea.js","commons-c58dfd3e97e49549cb90.js","component---src-pages-amenities-js-444e16d9e9a9ad37ea17.js"],"component---src-pages-configuration-js":["styles.435a9fc899b16702db61.css","styles-9c53d0637e63bb0cbdea.js","commons-c58dfd3e97e49549cb90.js","component---src-pages-configuration-js-8a7a3db5078fc80c3c0d.js"],"component---src-pages-download-js":["commons-c58dfd3e97e49549cb90.js","component---src-pages-download-js-16926ef99c477d2fe6a4.js"],"component---src-pages-gallery-js":["styles.435a9fc899b16702db61.css","styles-9c53d0637e63bb0cbdea.js","commons-c58dfd3e97e49549cb90.js","component---src-pages-gallery-js-2ec1647da4328107ed97.js"],"component---src-pages-index-js":["styles.435a9fc899b16702db61.css","styles-9c53d0637e63bb0cbdea.js","commons-c58dfd3e97e49549cb90.js","component---src-pages-index-js-4e34b12d5250f668d756.js"],"component---src-pages-location-js":["styles.435a9fc899b16702db61.css","styles-9c53d0637e63bb0cbdea.js","commons-c58dfd3e97e49549cb90.js","component---src-pages-location-js-15d578876edc83aed042.js"],"component---src-pages-masterplan-js":["styles.435a9fc899b16702db61.css","styles-9c53d0637e63bb0cbdea.js","commons-c58dfd3e97e49549cb90.js","component---src-pages-masterplan-js-d98c76274fb1735b6367.js"],"component---src-pages-overview-js":["styles.435a9fc899b16702db61.css","styles-9c53d0637e63bb0cbdea.js","commons-c58dfd3e97e49549cb90.js","component---src-pages-overview-js-6a4f25362ca72578c10d.js"],"component---src-pages-pricing-js":["styles.435a9fc899b16702db61.css","styles-9c53d0637e63bb0cbdea.js","commons-c58dfd3e97e49549cb90.js","component---src-pages-pricing-js-46f76ec9fb9b6828bf21.js"]}}