{"errors":[],"warnings":["chunk styles [mini-css-extract-plugin]\nConflicting order. Following module has been added:\n * css ./node_modules/css-loader??ref--12-oneOf-1-1!./node_modules/postcss-loader/lib??postcss-2!./node_modules/react-image-lightbox/style.css\ndespite it was not able to fulfill desired ordering with these modules:\n * css ./node_modules/css-loader??ref--12-oneOf-1-1!./node_modules/postcss-loader/lib??postcss-2!./node_modules/react-awesome-slider/dist/styles.css\n   - couldn't fulfill desired order of chunk group(s) component---src-pages-jindal-city-js\n   - while fulfilling desired order of chunk group(s) component---src-pages-botanique-js, component---src-pages-dolce-vita-js, component---src-pages-elysian-js, component---src-pages-finsbury-park-js, component---src-pages-fontaine-bleau-js, component---src-pages-kew-gardens-js, component---src-pages-lake-ridge-js, component---src-pages-park-square-js, component---src-pages-song-of-south-js, component---src-pages-waterford-js, component---src-pages-willow-tree-js"],"namedChunkGroups":{"app":{"chunks":[32,0,2],"assets":["webpack-runtime-2f4fa9aaf87b2ab6dbd1.js","webpack-runtime-2f4fa9aaf87b2ab6dbd1.js.map","commons-b53920be115f8f58d0eb.js","commons-b53920be115f8f58d0eb.js.map","app-2b9837f42808a2de412a.js","app-2b9837f42808a2de412a.js.map"],"children":{},"childAssets":{}},"component---src-pages-404-js":{"chunks":[1,0,3],"assets":["styles.9ec3cac0d4f247cb3a44.css","styles-9c53d0637e63bb0cbdea.js","styles-9c53d0637e63bb0cbdea.js.map","commons-b53920be115f8f58d0eb.js","commons-b53920be115f8f58d0eb.js.map","component---src-pages-404-js-00766f33b86dc9d21860.js","component---src-pages-404-js-00766f33b86dc9d21860.js.map"],"children":{},"childAssets":{}},"component---src-pages-about-js":{"chunks":[1,0,4],"assets":["styles.9ec3cac0d4f247cb3a44.css","styles-9c53d0637e63bb0cbdea.js","styles-9c53d0637e63bb0cbdea.js.map","commons-b53920be115f8f58d0eb.js","commons-b53920be115f8f58d0eb.js.map","component---src-pages-about-js-93c19716134975b1b356.js","component---src-pages-about-js-93c19716134975b1b356.js.map"],"children":{},"childAssets":{}},"component---src-pages-botanique-js":{"chunks":[1,0,5],"assets":["styles.9ec3cac0d4f247cb3a44.css","styles-9c53d0637e63bb0cbdea.js","styles-9c53d0637e63bb0cbdea.js.map","commons-b53920be115f8f58d0eb.js","commons-b53920be115f8f58d0eb.js.map","component---src-pages-botanique-js-a8545e57e748d9aa331e.js","component---src-pages-botanique-js-a8545e57e748d9aa331e.js.map"],"children":{},"childAssets":{}},"component---src-pages-contact-js":{"chunks":[1,0,6],"assets":["styles.9ec3cac0d4f247cb3a44.css","styles-9c53d0637e63bb0cbdea.js","styles-9c53d0637e63bb0cbdea.js.map","commons-b53920be115f8f58d0eb.js","commons-b53920be115f8f58d0eb.js.map","component---src-pages-contact-js-84041a7a9987133561b5.js","component---src-pages-contact-js-84041a7a9987133561b5.js.map"],"children":{},"childAssets":{}},"component---src-pages-dolce-vita-js":{"chunks":[1,0,7],"assets":["styles.9ec3cac0d4f247cb3a44.css","styles-9c53d0637e63bb0cbdea.js","styles-9c53d0637e63bb0cbdea.js.map","commons-b53920be115f8f58d0eb.js","commons-b53920be115f8f58d0eb.js.map","component---src-pages-dolce-vita-js-0bf0a7aa5efc4588960d.js","component---src-pages-dolce-vita-js-0bf0a7aa5efc4588960d.js.map"],"children":{},"childAssets":{}},"component---src-pages-download-botanique-js":{"chunks":[0,8],"assets":["commons-b53920be115f8f58d0eb.js","commons-b53920be115f8f58d0eb.js.map","component---src-pages-download-botanique-js-03a347afc90babac3e11.js","component---src-pages-download-botanique-js-03a347afc90babac3e11.js.map"],"children":{},"childAssets":{}},"component---src-pages-download-dolce-vita-js":{"chunks":[0,9],"assets":["commons-b53920be115f8f58d0eb.js","commons-b53920be115f8f58d0eb.js.map","component---src-pages-download-dolce-vita-js-3472a3e7c2b5f8f023f7.js","component---src-pages-download-dolce-vita-js-3472a3e7c2b5f8f023f7.js.map"],"children":{},"childAssets":{}},"component---src-pages-download-elysian-js":{"chunks":[0,10],"assets":["commons-b53920be115f8f58d0eb.js","commons-b53920be115f8f58d0eb.js.map","component---src-pages-download-elysian-js-7ee492e25e59d785fb13.js","component---src-pages-download-elysian-js-7ee492e25e59d785fb13.js.map"],"children":{},"childAssets":{}},"component---src-pages-download-finsbury-park-js":{"chunks":[0,11],"assets":["commons-b53920be115f8f58d0eb.js","commons-b53920be115f8f58d0eb.js.map","component---src-pages-download-finsbury-park-js-d47b8a4fd3c6feea663c.js","component---src-pages-download-finsbury-park-js-d47b8a4fd3c6feea663c.js.map"],"children":{},"childAssets":{}},"component---src-pages-download-fontaine-bleau-js":{"chunks":[0,12],"assets":["commons-b53920be115f8f58d0eb.js","commons-b53920be115f8f58d0eb.js.map","component---src-pages-download-fontaine-bleau-js-3a6077d32b6ab69189d2.js","component---src-pages-download-fontaine-bleau-js-3a6077d32b6ab69189d2.js.map"],"children":{},"childAssets":{}},"component---src-pages-download-jindal-city-js":{"chunks":[0,13],"assets":["commons-b53920be115f8f58d0eb.js","commons-b53920be115f8f58d0eb.js.map","component---src-pages-download-jindal-city-js-b054c6819aecd3182a4d.js","component---src-pages-download-jindal-city-js-b054c6819aecd3182a4d.js.map"],"children":{},"childAssets":{}},"component---src-pages-download-kew-gardens-js":{"chunks":[0,15],"assets":["commons-b53920be115f8f58d0eb.js","commons-b53920be115f8f58d0eb.js.map","component---src-pages-download-kew-gardens-js-80ebee74303691d646b2.js","component---src-pages-download-kew-gardens-js-80ebee74303691d646b2.js.map"],"children":{},"childAssets":{}},"component---src-pages-download-lake-ridge-js":{"chunks":[0,16],"assets":["commons-b53920be115f8f58d0eb.js","commons-b53920be115f8f58d0eb.js.map","component---src-pages-download-lake-ridge-js-66fe652cc8d4a721d6ae.js","component---src-pages-download-lake-ridge-js-66fe652cc8d4a721d6ae.js.map"],"children":{},"childAssets":{}},"component---src-pages-download-park-square-js":{"chunks":[0,17],"assets":["commons-b53920be115f8f58d0eb.js","commons-b53920be115f8f58d0eb.js.map","component---src-pages-download-park-square-js-faa514a1f5a88b2a062d.js","component---src-pages-download-park-square-js-faa514a1f5a88b2a062d.js.map"],"children":{},"childAssets":{}},"component---src-pages-download-song-of-south-js":{"chunks":[0,18],"assets":["commons-b53920be115f8f58d0eb.js","commons-b53920be115f8f58d0eb.js.map","component---src-pages-download-song-of-south-js-b8e74ed32a8cb08b7323.js","component---src-pages-download-song-of-south-js-b8e74ed32a8cb08b7323.js.map"],"children":{},"childAssets":{}},"component---src-pages-download-waterford-js":{"chunks":[0,19],"assets":["commons-b53920be115f8f58d0eb.js","commons-b53920be115f8f58d0eb.js.map","component---src-pages-download-waterford-js-2250a84c3c6f96ce3780.js","component---src-pages-download-waterford-js-2250a84c3c6f96ce3780.js.map"],"children":{},"childAssets":{}},"component---src-pages-download-willow-tree-js":{"chunks":[0,20],"assets":["commons-b53920be115f8f58d0eb.js","commons-b53920be115f8f58d0eb.js.map","component---src-pages-download-willow-tree-js-3002802b73648d6cf186.js","component---src-pages-download-willow-tree-js-3002802b73648d6cf186.js.map"],"children":{},"childAssets":{}},"component---src-pages-download-js":{"chunks":[0,14],"assets":["commons-b53920be115f8f58d0eb.js","commons-b53920be115f8f58d0eb.js.map","component---src-pages-download-js-7cc0a8bdec2593a54740.js","component---src-pages-download-js-7cc0a8bdec2593a54740.js.map"],"children":{},"childAssets":{}},"component---src-pages-elysian-js":{"chunks":[1,0,21],"assets":["styles.9ec3cac0d4f247cb3a44.css","styles-9c53d0637e63bb0cbdea.js","styles-9c53d0637e63bb0cbdea.js.map","commons-b53920be115f8f58d0eb.js","commons-b53920be115f8f58d0eb.js.map","component---src-pages-elysian-js-f913b2f18537006669aa.js","component---src-pages-elysian-js-f913b2f18537006669aa.js.map"],"children":{},"childAssets":{}},"component---src-pages-finsbury-park-js":{"chunks":[1,0,22],"assets":["styles.9ec3cac0d4f247cb3a44.css","styles-9c53d0637e63bb0cbdea.js","styles-9c53d0637e63bb0cbdea.js.map","commons-b53920be115f8f58d0eb.js","commons-b53920be115f8f58d0eb.js.map","component---src-pages-finsbury-park-js-00623e69c351e879c4fc.js","component---src-pages-finsbury-park-js-00623e69c351e879c4fc.js.map"],"children":{},"childAssets":{}},"component---src-pages-fontaine-bleau-js":{"chunks":[1,0,23],"assets":["styles.9ec3cac0d4f247cb3a44.css","styles-9c53d0637e63bb0cbdea.js","styles-9c53d0637e63bb0cbdea.js.map","commons-b53920be115f8f58d0eb.js","commons-b53920be115f8f58d0eb.js.map","component---src-pages-fontaine-bleau-js-0ab8c7c36cb112fee760.js","component---src-pages-fontaine-bleau-js-0ab8c7c36cb112fee760.js.map"],"children":{},"childAssets":{}},"component---src-pages-index-js":{"chunks":[1,0,24],"assets":["styles.9ec3cac0d4f247cb3a44.css","styles-9c53d0637e63bb0cbdea.js","styles-9c53d0637e63bb0cbdea.js.map","commons-b53920be115f8f58d0eb.js","commons-b53920be115f8f58d0eb.js.map","component---src-pages-index-js-04d6c623ed4a9f5fbecc.js","component---src-pages-index-js-04d6c623ed4a9f5fbecc.js.map"],"children":{},"childAssets":{}},"component---src-pages-jindal-city-js":{"chunks":[1,0,25],"assets":["styles.9ec3cac0d4f247cb3a44.css","styles-9c53d0637e63bb0cbdea.js","styles-9c53d0637e63bb0cbdea.js.map","commons-b53920be115f8f58d0eb.js","commons-b53920be115f8f58d0eb.js.map","component---src-pages-jindal-city-js-e8f86630ab4fc83a3abb.js","component---src-pages-jindal-city-js-e8f86630ab4fc83a3abb.js.map"],"children":{},"childAssets":{}},"component---src-pages-kew-gardens-js":{"chunks":[1,0,26],"assets":["styles.9ec3cac0d4f247cb3a44.css","styles-9c53d0637e63bb0cbdea.js","styles-9c53d0637e63bb0cbdea.js.map","commons-b53920be115f8f58d0eb.js","commons-b53920be115f8f58d0eb.js.map","component---src-pages-kew-gardens-js-a755955f4b5fa9bc7ee6.js","component---src-pages-kew-gardens-js-a755955f4b5fa9bc7ee6.js.map"],"children":{},"childAssets":{}},"component---src-pages-lake-ridge-js":{"chunks":[1,0,27],"assets":["styles.9ec3cac0d4f247cb3a44.css","styles-9c53d0637e63bb0cbdea.js","styles-9c53d0637e63bb0cbdea.js.map","commons-b53920be115f8f58d0eb.js","commons-b53920be115f8f58d0eb.js.map","component---src-pages-lake-ridge-js-6adb34b3fcf7e6905c59.js","component---src-pages-lake-ridge-js-6adb34b3fcf7e6905c59.js.map"],"children":{},"childAssets":{}},"component---src-pages-park-square-js":{"chunks":[1,0,28],"assets":["styles.9ec3cac0d4f247cb3a44.css","styles-9c53d0637e63bb0cbdea.js","styles-9c53d0637e63bb0cbdea.js.map","commons-b53920be115f8f58d0eb.js","commons-b53920be115f8f58d0eb.js.map","component---src-pages-park-square-js-112a2ae7138dbaa50ce1.js","component---src-pages-park-square-js-112a2ae7138dbaa50ce1.js.map"],"children":{},"childAssets":{}},"component---src-pages-song-of-south-js":{"chunks":[1,0,29],"assets":["styles.9ec3cac0d4f247cb3a44.css","styles-9c53d0637e63bb0cbdea.js","styles-9c53d0637e63bb0cbdea.js.map","commons-b53920be115f8f58d0eb.js","commons-b53920be115f8f58d0eb.js.map","component---src-pages-song-of-south-js-5b5d971956f5e8e2b9b8.js","component---src-pages-song-of-south-js-5b5d971956f5e8e2b9b8.js.map"],"children":{},"childAssets":{}},"component---src-pages-waterford-js":{"chunks":[1,0,30],"assets":["styles.9ec3cac0d4f247cb3a44.css","styles-9c53d0637e63bb0cbdea.js","styles-9c53d0637e63bb0cbdea.js.map","commons-b53920be115f8f58d0eb.js","commons-b53920be115f8f58d0eb.js.map","component---src-pages-waterford-js-60f2fa1cfe7b8cde4fb0.js","component---src-pages-waterford-js-60f2fa1cfe7b8cde4fb0.js.map"],"children":{},"childAssets":{}},"component---src-pages-willow-tree-js":{"chunks":[1,0,31],"assets":["styles.9ec3cac0d4f247cb3a44.css","styles-9c53d0637e63bb0cbdea.js","styles-9c53d0637e63bb0cbdea.js.map","commons-b53920be115f8f58d0eb.js","commons-b53920be115f8f58d0eb.js.map","component---src-pages-willow-tree-js-6d35956ed3158c805d78.js","component---src-pages-willow-tree-js-6d35956ed3158c805d78.js.map"],"children":{},"childAssets":{}}},"assetsByChunkName":{"app":["webpack-runtime-2f4fa9aaf87b2ab6dbd1.js","commons-b53920be115f8f58d0eb.js","app-2b9837f42808a2de412a.js"],"component---src-pages-404-js":["styles.9ec3cac0d4f247cb3a44.css","styles-9c53d0637e63bb0cbdea.js","commons-b53920be115f8f58d0eb.js","component---src-pages-404-js-00766f33b86dc9d21860.js"],"component---src-pages-about-js":["styles.9ec3cac0d4f247cb3a44.css","styles-9c53d0637e63bb0cbdea.js","commons-b53920be115f8f58d0eb.js","component---src-pages-about-js-93c19716134975b1b356.js"],"component---src-pages-botanique-js":["styles.9ec3cac0d4f247cb3a44.css","styles-9c53d0637e63bb0cbdea.js","commons-b53920be115f8f58d0eb.js","component---src-pages-botanique-js-a8545e57e748d9aa331e.js"],"component---src-pages-contact-js":["styles.9ec3cac0d4f247cb3a44.css","styles-9c53d0637e63bb0cbdea.js","commons-b53920be115f8f58d0eb.js","component---src-pages-contact-js-84041a7a9987133561b5.js"],"component---src-pages-dolce-vita-js":["styles.9ec3cac0d4f247cb3a44.css","styles-9c53d0637e63bb0cbdea.js","commons-b53920be115f8f58d0eb.js","component---src-pages-dolce-vita-js-0bf0a7aa5efc4588960d.js"],"component---src-pages-download-botanique-js":["commons-b53920be115f8f58d0eb.js","component---src-pages-download-botanique-js-03a347afc90babac3e11.js"],"component---src-pages-download-dolce-vita-js":["commons-b53920be115f8f58d0eb.js","component---src-pages-download-dolce-vita-js-3472a3e7c2b5f8f023f7.js"],"component---src-pages-download-elysian-js":["commons-b53920be115f8f58d0eb.js","component---src-pages-download-elysian-js-7ee492e25e59d785fb13.js"],"component---src-pages-download-finsbury-park-js":["commons-b53920be115f8f58d0eb.js","component---src-pages-download-finsbury-park-js-d47b8a4fd3c6feea663c.js"],"component---src-pages-download-fontaine-bleau-js":["commons-b53920be115f8f58d0eb.js","component---src-pages-download-fontaine-bleau-js-3a6077d32b6ab69189d2.js"],"component---src-pages-download-jindal-city-js":["commons-b53920be115f8f58d0eb.js","component---src-pages-download-jindal-city-js-b054c6819aecd3182a4d.js"],"component---src-pages-download-kew-gardens-js":["commons-b53920be115f8f58d0eb.js","component---src-pages-download-kew-gardens-js-80ebee74303691d646b2.js"],"component---src-pages-download-lake-ridge-js":["commons-b53920be115f8f58d0eb.js","component---src-pages-download-lake-ridge-js-66fe652cc8d4a721d6ae.js"],"component---src-pages-download-park-square-js":["commons-b53920be115f8f58d0eb.js","component---src-pages-download-park-square-js-faa514a1f5a88b2a062d.js"],"component---src-pages-download-song-of-south-js":["commons-b53920be115f8f58d0eb.js","component---src-pages-download-song-of-south-js-b8e74ed32a8cb08b7323.js"],"component---src-pages-download-waterford-js":["commons-b53920be115f8f58d0eb.js","component---src-pages-download-waterford-js-2250a84c3c6f96ce3780.js"],"component---src-pages-download-willow-tree-js":["commons-b53920be115f8f58d0eb.js","component---src-pages-download-willow-tree-js-3002802b73648d6cf186.js"],"component---src-pages-download-js":["commons-b53920be115f8f58d0eb.js","component---src-pages-download-js-7cc0a8bdec2593a54740.js"],"component---src-pages-elysian-js":["styles.9ec3cac0d4f247cb3a44.css","styles-9c53d0637e63bb0cbdea.js","commons-b53920be115f8f58d0eb.js","component---src-pages-elysian-js-f913b2f18537006669aa.js"],"component---src-pages-finsbury-park-js":["styles.9ec3cac0d4f247cb3a44.css","styles-9c53d0637e63bb0cbdea.js","commons-b53920be115f8f58d0eb.js","component---src-pages-finsbury-park-js-00623e69c351e879c4fc.js"],"component---src-pages-fontaine-bleau-js":["styles.9ec3cac0d4f247cb3a44.css","styles-9c53d0637e63bb0cbdea.js","commons-b53920be115f8f58d0eb.js","component---src-pages-fontaine-bleau-js-0ab8c7c36cb112fee760.js"],"component---src-pages-index-js":["styles.9ec3cac0d4f247cb3a44.css","styles-9c53d0637e63bb0cbdea.js","commons-b53920be115f8f58d0eb.js","component---src-pages-index-js-04d6c623ed4a9f5fbecc.js"],"component---src-pages-jindal-city-js":["styles.9ec3cac0d4f247cb3a44.css","styles-9c53d0637e63bb0cbdea.js","commons-b53920be115f8f58d0eb.js","component---src-pages-jindal-city-js-e8f86630ab4fc83a3abb.js"],"component---src-pages-kew-gardens-js":["styles.9ec3cac0d4f247cb3a44.css","styles-9c53d0637e63bb0cbdea.js","commons-b53920be115f8f58d0eb.js","component---src-pages-kew-gardens-js-a755955f4b5fa9bc7ee6.js"],"component---src-pages-lake-ridge-js":["styles.9ec3cac0d4f247cb3a44.css","styles-9c53d0637e63bb0cbdea.js","commons-b53920be115f8f58d0eb.js","component---src-pages-lake-ridge-js-6adb34b3fcf7e6905c59.js"],"component---src-pages-park-square-js":["styles.9ec3cac0d4f247cb3a44.css","styles-9c53d0637e63bb0cbdea.js","commons-b53920be115f8f58d0eb.js","component---src-pages-park-square-js-112a2ae7138dbaa50ce1.js"],"component---src-pages-song-of-south-js":["styles.9ec3cac0d4f247cb3a44.css","styles-9c53d0637e63bb0cbdea.js","commons-b53920be115f8f58d0eb.js","component---src-pages-song-of-south-js-5b5d971956f5e8e2b9b8.js"],"component---src-pages-waterford-js":["styles.9ec3cac0d4f247cb3a44.css","styles-9c53d0637e63bb0cbdea.js","commons-b53920be115f8f58d0eb.js","component---src-pages-waterford-js-60f2fa1cfe7b8cde4fb0.js"],"component---src-pages-willow-tree-js":["styles.9ec3cac0d4f247cb3a44.css","styles-9c53d0637e63bb0cbdea.js","commons-b53920be115f8f58d0eb.js","component---src-pages-willow-tree-js-6d35956ed3158c805d78.js"]}}