{"errors":[],"warnings":["chunk styles [mini-css-extract-plugin]\nConflicting order. Following module has been added:\n * css ./node_modules/css-loader??ref--12-oneOf-1-1!./node_modules/postcss-loader/lib??postcss-2!./node_modules/react-image-lightbox/style.css\ndespite it was not able to fulfill desired ordering with these modules:\n * css ./node_modules/css-loader??ref--12-oneOf-1-1!./node_modules/postcss-loader/lib??postcss-2!./node_modules/react-awesome-slider/dist/styles.css\n   - couldn't fulfill desired order of chunk group(s) component---src-pages-jindal-city-js\n   - while fulfilling desired order of chunk group(s) component---src-pages-botanique-js, component---src-pages-dolce-vita-js, component---src-pages-elysian-js, component---src-pages-finsbury-park-js, component---src-pages-fontaine-bleau-js, component---src-pages-kew-gardens-js, component---src-pages-lake-ridge-js, component---src-pages-park-square-js, component---src-pages-song-of-south-js, component---src-pages-waterford-js, component---src-pages-willow-tree-js"],"namedChunkGroups":{"app":{"chunks":[18,0,2],"assets":["webpack-runtime-d6bfd28638257305c793.js","webpack-runtime-d6bfd28638257305c793.js.map","commons-27f92311a72bae7d188e.js","commons-27f92311a72bae7d188e.js.map","app-2eda45250f76813a83f4.js","app-2eda45250f76813a83f4.js.map"],"children":{},"childAssets":{}},"component---src-pages-about-js":{"chunks":[1,0,3],"assets":["styles.9ec3cac0d4f247cb3a44.css","styles-9c53d0637e63bb0cbdea.js","styles-9c53d0637e63bb0cbdea.js.map","commons-27f92311a72bae7d188e.js","commons-27f92311a72bae7d188e.js.map","component---src-pages-about-js-a438ca3a19ae2a288081.js","component---src-pages-about-js-a438ca3a19ae2a288081.js.map"],"children":{},"childAssets":{}},"component---src-pages-botanique-js":{"chunks":[1,0,4],"assets":["styles.9ec3cac0d4f247cb3a44.css","styles-9c53d0637e63bb0cbdea.js","styles-9c53d0637e63bb0cbdea.js.map","commons-27f92311a72bae7d188e.js","commons-27f92311a72bae7d188e.js.map","component---src-pages-botanique-js-8cd5f3580de1613798ec.js","component---src-pages-botanique-js-8cd5f3580de1613798ec.js.map"],"children":{},"childAssets":{}},"component---src-pages-contact-js":{"chunks":[1,0,5],"assets":["styles.9ec3cac0d4f247cb3a44.css","styles-9c53d0637e63bb0cbdea.js","styles-9c53d0637e63bb0cbdea.js.map","commons-27f92311a72bae7d188e.js","commons-27f92311a72bae7d188e.js.map","component---src-pages-contact-js-1fe3fa3e8d190cda0b91.js","component---src-pages-contact-js-1fe3fa3e8d190cda0b91.js.map"],"children":{},"childAssets":{}},"component---src-pages-dolce-vita-js":{"chunks":[1,0,6],"assets":["styles.9ec3cac0d4f247cb3a44.css","styles-9c53d0637e63bb0cbdea.js","styles-9c53d0637e63bb0cbdea.js.map","commons-27f92311a72bae7d188e.js","commons-27f92311a72bae7d188e.js.map","component---src-pages-dolce-vita-js-9b627c13cf5ad88556af.js","component---src-pages-dolce-vita-js-9b627c13cf5ad88556af.js.map"],"children":{},"childAssets":{}},"component---src-pages-download-js":{"chunks":[0],"assets":["commons-27f92311a72bae7d188e.js","commons-27f92311a72bae7d188e.js.map"],"children":{},"childAssets":{}},"component---src-pages-elysian-js":{"chunks":[1,0,7],"assets":["styles.9ec3cac0d4f247cb3a44.css","styles-9c53d0637e63bb0cbdea.js","styles-9c53d0637e63bb0cbdea.js.map","commons-27f92311a72bae7d188e.js","commons-27f92311a72bae7d188e.js.map","component---src-pages-elysian-js-956a82622d59353458b7.js","component---src-pages-elysian-js-956a82622d59353458b7.js.map"],"children":{},"childAssets":{}},"component---src-pages-finsbury-park-js":{"chunks":[1,0,8],"assets":["styles.9ec3cac0d4f247cb3a44.css","styles-9c53d0637e63bb0cbdea.js","styles-9c53d0637e63bb0cbdea.js.map","commons-27f92311a72bae7d188e.js","commons-27f92311a72bae7d188e.js.map","component---src-pages-finsbury-park-js-d1e551013eedece5c58a.js","component---src-pages-finsbury-park-js-d1e551013eedece5c58a.js.map"],"children":{},"childAssets":{}},"component---src-pages-fontaine-bleau-js":{"chunks":[1,0,9],"assets":["styles.9ec3cac0d4f247cb3a44.css","styles-9c53d0637e63bb0cbdea.js","styles-9c53d0637e63bb0cbdea.js.map","commons-27f92311a72bae7d188e.js","commons-27f92311a72bae7d188e.js.map","component---src-pages-fontaine-bleau-js-be254b309e5f6ccb6af7.js","component---src-pages-fontaine-bleau-js-be254b309e5f6ccb6af7.js.map"],"children":{},"childAssets":{}},"component---src-pages-index-js":{"chunks":[1,0,10],"assets":["styles.9ec3cac0d4f247cb3a44.css","styles-9c53d0637e63bb0cbdea.js","styles-9c53d0637e63bb0cbdea.js.map","commons-27f92311a72bae7d188e.js","commons-27f92311a72bae7d188e.js.map","component---src-pages-index-js-3a06a5fa55e27c3138cd.js","component---src-pages-index-js-3a06a5fa55e27c3138cd.js.map"],"children":{},"childAssets":{}},"component---src-pages-jindal-city-js":{"chunks":[1,0,11],"assets":["styles.9ec3cac0d4f247cb3a44.css","styles-9c53d0637e63bb0cbdea.js","styles-9c53d0637e63bb0cbdea.js.map","commons-27f92311a72bae7d188e.js","commons-27f92311a72bae7d188e.js.map","component---src-pages-jindal-city-js-6d8bdf2fd49652c977e9.js","component---src-pages-jindal-city-js-6d8bdf2fd49652c977e9.js.map"],"children":{},"childAssets":{}},"component---src-pages-kew-gardens-js":{"chunks":[1,0,12],"assets":["styles.9ec3cac0d4f247cb3a44.css","styles-9c53d0637e63bb0cbdea.js","styles-9c53d0637e63bb0cbdea.js.map","commons-27f92311a72bae7d188e.js","commons-27f92311a72bae7d188e.js.map","component---src-pages-kew-gardens-js-fd6ec871ae464fe4b737.js","component---src-pages-kew-gardens-js-fd6ec871ae464fe4b737.js.map"],"children":{},"childAssets":{}},"component---src-pages-lake-ridge-js":{"chunks":[1,0,13],"assets":["styles.9ec3cac0d4f247cb3a44.css","styles-9c53d0637e63bb0cbdea.js","styles-9c53d0637e63bb0cbdea.js.map","commons-27f92311a72bae7d188e.js","commons-27f92311a72bae7d188e.js.map","component---src-pages-lake-ridge-js-2bfd83ae859a582f3bd9.js","component---src-pages-lake-ridge-js-2bfd83ae859a582f3bd9.js.map"],"children":{},"childAssets":{}},"component---src-pages-park-square-js":{"chunks":[1,0,14],"assets":["styles.9ec3cac0d4f247cb3a44.css","styles-9c53d0637e63bb0cbdea.js","styles-9c53d0637e63bb0cbdea.js.map","commons-27f92311a72bae7d188e.js","commons-27f92311a72bae7d188e.js.map","component---src-pages-park-square-js-e12d4c8c7ac111ff8f42.js","component---src-pages-park-square-js-e12d4c8c7ac111ff8f42.js.map"],"children":{},"childAssets":{}},"component---src-pages-song-of-south-js":{"chunks":[1,0,15],"assets":["styles.9ec3cac0d4f247cb3a44.css","styles-9c53d0637e63bb0cbdea.js","styles-9c53d0637e63bb0cbdea.js.map","commons-27f92311a72bae7d188e.js","commons-27f92311a72bae7d188e.js.map","component---src-pages-song-of-south-js-3157789570d34603dada.js","component---src-pages-song-of-south-js-3157789570d34603dada.js.map"],"children":{},"childAssets":{}},"component---src-pages-waterford-js":{"chunks":[1,0,16],"assets":["styles.9ec3cac0d4f247cb3a44.css","styles-9c53d0637e63bb0cbdea.js","styles-9c53d0637e63bb0cbdea.js.map","commons-27f92311a72bae7d188e.js","commons-27f92311a72bae7d188e.js.map","component---src-pages-waterford-js-877686b585526c9c6249.js","component---src-pages-waterford-js-877686b585526c9c6249.js.map"],"children":{},"childAssets":{}},"component---src-pages-willow-tree-js":{"chunks":[1,0,17],"assets":["styles.9ec3cac0d4f247cb3a44.css","styles-9c53d0637e63bb0cbdea.js","styles-9c53d0637e63bb0cbdea.js.map","commons-27f92311a72bae7d188e.js","commons-27f92311a72bae7d188e.js.map","component---src-pages-willow-tree-js-62353c7a225e53cea6cb.js","component---src-pages-willow-tree-js-62353c7a225e53cea6cb.js.map"],"children":{},"childAssets":{}}},"assetsByChunkName":{"app":["webpack-runtime-d6bfd28638257305c793.js","commons-27f92311a72bae7d188e.js","app-2eda45250f76813a83f4.js"],"component---src-pages-about-js":["styles.9ec3cac0d4f247cb3a44.css","styles-9c53d0637e63bb0cbdea.js","commons-27f92311a72bae7d188e.js","component---src-pages-about-js-a438ca3a19ae2a288081.js"],"component---src-pages-botanique-js":["styles.9ec3cac0d4f247cb3a44.css","styles-9c53d0637e63bb0cbdea.js","commons-27f92311a72bae7d188e.js","component---src-pages-botanique-js-8cd5f3580de1613798ec.js"],"component---src-pages-contact-js":["styles.9ec3cac0d4f247cb3a44.css","styles-9c53d0637e63bb0cbdea.js","commons-27f92311a72bae7d188e.js","component---src-pages-contact-js-1fe3fa3e8d190cda0b91.js"],"component---src-pages-dolce-vita-js":["styles.9ec3cac0d4f247cb3a44.css","styles-9c53d0637e63bb0cbdea.js","commons-27f92311a72bae7d188e.js","component---src-pages-dolce-vita-js-9b627c13cf5ad88556af.js"],"component---src-pages-download-js":["commons-27f92311a72bae7d188e.js"],"component---src-pages-elysian-js":["styles.9ec3cac0d4f247cb3a44.css","styles-9c53d0637e63bb0cbdea.js","commons-27f92311a72bae7d188e.js","component---src-pages-elysian-js-956a82622d59353458b7.js"],"component---src-pages-finsbury-park-js":["styles.9ec3cac0d4f247cb3a44.css","styles-9c53d0637e63bb0cbdea.js","commons-27f92311a72bae7d188e.js","component---src-pages-finsbury-park-js-d1e551013eedece5c58a.js"],"component---src-pages-fontaine-bleau-js":["styles.9ec3cac0d4f247cb3a44.css","styles-9c53d0637e63bb0cbdea.js","commons-27f92311a72bae7d188e.js","component---src-pages-fontaine-bleau-js-be254b309e5f6ccb6af7.js"],"component---src-pages-index-js":["styles.9ec3cac0d4f247cb3a44.css","styles-9c53d0637e63bb0cbdea.js","commons-27f92311a72bae7d188e.js","component---src-pages-index-js-3a06a5fa55e27c3138cd.js"],"component---src-pages-jindal-city-js":["styles.9ec3cac0d4f247cb3a44.css","styles-9c53d0637e63bb0cbdea.js","commons-27f92311a72bae7d188e.js","component---src-pages-jindal-city-js-6d8bdf2fd49652c977e9.js"],"component---src-pages-kew-gardens-js":["styles.9ec3cac0d4f247cb3a44.css","styles-9c53d0637e63bb0cbdea.js","commons-27f92311a72bae7d188e.js","component---src-pages-kew-gardens-js-fd6ec871ae464fe4b737.js"],"component---src-pages-lake-ridge-js":["styles.9ec3cac0d4f247cb3a44.css","styles-9c53d0637e63bb0cbdea.js","commons-27f92311a72bae7d188e.js","component---src-pages-lake-ridge-js-2bfd83ae859a582f3bd9.js"],"component---src-pages-park-square-js":["styles.9ec3cac0d4f247cb3a44.css","styles-9c53d0637e63bb0cbdea.js","commons-27f92311a72bae7d188e.js","component---src-pages-park-square-js-e12d4c8c7ac111ff8f42.js"],"component---src-pages-song-of-south-js":["styles.9ec3cac0d4f247cb3a44.css","styles-9c53d0637e63bb0cbdea.js","commons-27f92311a72bae7d188e.js","component---src-pages-song-of-south-js-3157789570d34603dada.js"],"component---src-pages-waterford-js":["styles.9ec3cac0d4f247cb3a44.css","styles-9c53d0637e63bb0cbdea.js","commons-27f92311a72bae7d188e.js","component---src-pages-waterford-js-877686b585526c9c6249.js"],"component---src-pages-willow-tree-js":["styles.9ec3cac0d4f247cb3a44.css","styles-9c53d0637e63bb0cbdea.js","commons-27f92311a72bae7d188e.js","component---src-pages-willow-tree-js-62353c7a225e53cea6cb.js"]}}