{"errors":[],"warnings":[],"namedChunkGroups":{"app":{"chunks":[12,0,2],"assets":["webpack-runtime-fd7f30a84a30582e69ed.js","webpack-runtime-fd7f30a84a30582e69ed.js.map","commons-0ebe1870100f9f98c801.js","commons-0ebe1870100f9f98c801.js.map","app-49346b62aac14e3cf5ef.js","app-49346b62aac14e3cf5ef.js.map"],"children":{},"childAssets":{}},"component---src-pages-amenities-js":{"chunks":[1,0,3],"assets":["styles.44859c4eb7227f72d4eb.css","styles-9c53d0637e63bb0cbdea.js","styles-9c53d0637e63bb0cbdea.js.map","commons-0ebe1870100f9f98c801.js","commons-0ebe1870100f9f98c801.js.map","component---src-pages-amenities-js-948ba2060d978f26b204.js","component---src-pages-amenities-js-948ba2060d978f26b204.js.map"],"children":{},"childAssets":{}},"component---src-pages-configuration-js":{"chunks":[1,0,4],"assets":["styles.44859c4eb7227f72d4eb.css","styles-9c53d0637e63bb0cbdea.js","styles-9c53d0637e63bb0cbdea.js.map","commons-0ebe1870100f9f98c801.js","commons-0ebe1870100f9f98c801.js.map","component---src-pages-configuration-js-c0306ea5dbbad3dc4761.js","component---src-pages-configuration-js-c0306ea5dbbad3dc4761.js.map"],"children":{},"childAssets":{}},"component---src-pages-download-js":{"chunks":[0,5],"assets":["commons-0ebe1870100f9f98c801.js","commons-0ebe1870100f9f98c801.js.map","component---src-pages-download-js-dba4250e7d22ea3a9cc5.js","component---src-pages-download-js-dba4250e7d22ea3a9cc5.js.map"],"children":{},"childAssets":{}},"component---src-pages-gallery-js":{"chunks":[1,0,6],"assets":["styles.44859c4eb7227f72d4eb.css","styles-9c53d0637e63bb0cbdea.js","styles-9c53d0637e63bb0cbdea.js.map","commons-0ebe1870100f9f98c801.js","commons-0ebe1870100f9f98c801.js.map","component---src-pages-gallery-js-83f586852d769d14077b.js","component---src-pages-gallery-js-83f586852d769d14077b.js.map"],"children":{},"childAssets":{}},"component---src-pages-index-js":{"chunks":[1,0,7],"assets":["styles.44859c4eb7227f72d4eb.css","styles-9c53d0637e63bb0cbdea.js","styles-9c53d0637e63bb0cbdea.js.map","commons-0ebe1870100f9f98c801.js","commons-0ebe1870100f9f98c801.js.map","component---src-pages-index-js-ebd87ac5ca4961a5b4e9.js","component---src-pages-index-js-ebd87ac5ca4961a5b4e9.js.map"],"children":{},"childAssets":{}},"component---src-pages-location-js":{"chunks":[1,0,8],"assets":["styles.44859c4eb7227f72d4eb.css","styles-9c53d0637e63bb0cbdea.js","styles-9c53d0637e63bb0cbdea.js.map","commons-0ebe1870100f9f98c801.js","commons-0ebe1870100f9f98c801.js.map","component---src-pages-location-js-c3b56862398935cdc77d.js","component---src-pages-location-js-c3b56862398935cdc77d.js.map"],"children":{},"childAssets":{}},"component---src-pages-masterplan-js":{"chunks":[1,0,9],"assets":["styles.44859c4eb7227f72d4eb.css","styles-9c53d0637e63bb0cbdea.js","styles-9c53d0637e63bb0cbdea.js.map","commons-0ebe1870100f9f98c801.js","commons-0ebe1870100f9f98c801.js.map","component---src-pages-masterplan-js-9327a0b6725021b15606.js","component---src-pages-masterplan-js-9327a0b6725021b15606.js.map"],"children":{},"childAssets":{}},"component---src-pages-overview-js":{"chunks":[1,0,10],"assets":["styles.44859c4eb7227f72d4eb.css","styles-9c53d0637e63bb0cbdea.js","styles-9c53d0637e63bb0cbdea.js.map","commons-0ebe1870100f9f98c801.js","commons-0ebe1870100f9f98c801.js.map","component---src-pages-overview-js-48e107ee48259466395c.js","component---src-pages-overview-js-48e107ee48259466395c.js.map"],"children":{},"childAssets":{}},"component---src-pages-pricing-js":{"chunks":[1,0,11],"assets":["styles.44859c4eb7227f72d4eb.css","styles-9c53d0637e63bb0cbdea.js","styles-9c53d0637e63bb0cbdea.js.map","commons-0ebe1870100f9f98c801.js","commons-0ebe1870100f9f98c801.js.map","component---src-pages-pricing-js-064ab78b95cf5b4b88b3.js","component---src-pages-pricing-js-064ab78b95cf5b4b88b3.js.map"],"children":{},"childAssets":{}}},"assetsByChunkName":{"app":["webpack-runtime-fd7f30a84a30582e69ed.js","commons-0ebe1870100f9f98c801.js","app-49346b62aac14e3cf5ef.js"],"component---src-pages-amenities-js":["styles.44859c4eb7227f72d4eb.css","styles-9c53d0637e63bb0cbdea.js","commons-0ebe1870100f9f98c801.js","component---src-pages-amenities-js-948ba2060d978f26b204.js"],"component---src-pages-configuration-js":["styles.44859c4eb7227f72d4eb.css","styles-9c53d0637e63bb0cbdea.js","commons-0ebe1870100f9f98c801.js","component---src-pages-configuration-js-c0306ea5dbbad3dc4761.js"],"component---src-pages-download-js":["commons-0ebe1870100f9f98c801.js","component---src-pages-download-js-dba4250e7d22ea3a9cc5.js"],"component---src-pages-gallery-js":["styles.44859c4eb7227f72d4eb.css","styles-9c53d0637e63bb0cbdea.js","commons-0ebe1870100f9f98c801.js","component---src-pages-gallery-js-83f586852d769d14077b.js"],"component---src-pages-index-js":["styles.44859c4eb7227f72d4eb.css","styles-9c53d0637e63bb0cbdea.js","commons-0ebe1870100f9f98c801.js","component---src-pages-index-js-ebd87ac5ca4961a5b4e9.js"],"component---src-pages-location-js":["styles.44859c4eb7227f72d4eb.css","styles-9c53d0637e63bb0cbdea.js","commons-0ebe1870100f9f98c801.js","component---src-pages-location-js-c3b56862398935cdc77d.js"],"component---src-pages-masterplan-js":["styles.44859c4eb7227f72d4eb.css","styles-9c53d0637e63bb0cbdea.js","commons-0ebe1870100f9f98c801.js","component---src-pages-masterplan-js-9327a0b6725021b15606.js"],"component---src-pages-overview-js":["styles.44859c4eb7227f72d4eb.css","styles-9c53d0637e63bb0cbdea.js","commons-0ebe1870100f9f98c801.js","component---src-pages-overview-js-48e107ee48259466395c.js"],"component---src-pages-pricing-js":["styles.44859c4eb7227f72d4eb.css","styles-9c53d0637e63bb0cbdea.js","commons-0ebe1870100f9f98c801.js","component---src-pages-pricing-js-064ab78b95cf5b4b88b3.js"]}}